EMPLOYEE_ID,FIRST_NAME,LAST_NAME,EMAIL,PHONE,HIRE_DATE,MANAGER_ID,JOB_TITLE
107,Summer,Payne,summerpayne@examplecom,5151238181,2016-06-07,106,Public Accountant
106,Rose,Stephens,rosestephens@examplecom,5151238080,2016-06-08,2,Accounting Manager
101,Annabelle,Dunn,annabelledunn@examplecom,5151234444,2016-06-09,2,Administration Assistant
1,Tommy,Bailey,tommybailey@examplecom,5151234567,2016-06-10,,President
3,Blake,Cooper,blakecooper@examplecom,5151234569,2016-06-11,1,Administration Vice President
2,Jude,Rivera,juderivera@examplecom,5151234568,2016-06-12,1,Administration Vice President
11,Tyler,Ramirez,tylerramirez@examplecom,5151244269,2016-06-13,9,Accountant
10,Ryan,Gray,ryangray@examplecom,5151244169,2016-06-14,9,Accountant
14,Elliot,Brooks,elliotbrooks@examplecom,5151244567,2016-06-15,9,Accountant
12,Elliott,James,elliottjames@examplecom,5151244369,2016-06-16,9,Accountant
13,Albert,Watson,albertwatson@examplecom,5151244469,2016-06-17,9,Accountant
9,Mohammad,Peterson,mohammadpeterson@examplecom,5151244569,2016-06-18,2,Finance Manager
104,Harper,Spencer,harperspencer@examplecom,5151237777,2016-06-19,2,Human Resources Representative
4,Louie,Richardson,louierichardson@examplecom,5904234567,2016-06-20,3,Programmer
5,Nathan,Cox,nathancox@examplecom,5904234568,2016-06-21,4,Programmer
8,Bobby,Torres,bobbytorres@examplecom,5904235567,2016-06-22,4,Programmer
7,Charles,Ward,charlesward@examplecom,5904234560,2016-06-23,4,Programmer
6,Gabriel,Howard,gabrielhoward@examplecom,5904234569,2016-06-24,4,Programmer
102,Emma,Perkins,emmaperkins@examplecom,5151235555,2016-06-25,1,Marketing Manager
103,Amelie,Hudson,ameliehudson@examplecom,6031236666,2016-06-26,102,Marketing Representative
105,Gracie,Gardner,graciegardner@examplecom,5151238888,2016-06-27,2,Public Relations Representative
17,Frederick,Price,frederickprice@examplecom,5151274563,2016-06-28,15,Purchasing Clerk
16,Alex,Sanders,alexsanders@examplecom,5151274562,2016-06-29,15,Purchasing Clerk
18,Ollie,Bennett,olliebennett@examplecom,5151274564,2016-06-30,15,Purchasing Clerk
19,Louis,Wood,louiswood@examplecom,5151274565,2016-07-01,15,Purchasing Clerk
20,Dexter,Barnes,dexterbarnes@examplecom,5151274566,2016-07-02,15,Purchasing Clerk
15,Rory,Kelly,rorykelly@examplecom,5151274561,2016-07-03,1,Purchasing Manager
49,Isabella,Cole,isabellacole@examplecom,1.14413E+13,2016-07-04,1,Sales Manager
48,Jessica,Woods,jessicawoods@examplecom,1.14413E+13,2016-07-05,1,Sales Manager
47,Ella,Wallace,ellawallace@examplecom,1.14413E+13,2016-07-06,1,Sales Manager
46,Ava,Sullivan,avasullivan@examplecom,1.14413E+13,2016-07-07,1,Sales Manager
50,Mia,West,miawest@examplecom,1.14413E+13,2016-07-08,1,Sales Manager
56,Evie,Harrison,evieharrison@examplecom,1.14413E+13,2016-07-09,46,Sales Representative
57,Scarlett,Gibson,scarlettgibson@examplecom,1.14413E+13,2016-07-10,47,Sales Representative
58,Ruby,Mcdonald,rubymcdonald@examplecom,1.14413E+13,2016-07-11,47,Sales Representative
59,Chloe,Cruz,chloecruz@examplecom,1.14413E+13,2016-07-12,47,Sales Representative
60,Isabelle,Marshall,isabellemarshall@examplecom,1.14413E+13,2016-07-13,47,Sales Representative
61,Daisy,Ortiz,daisyortiz@examplecom,1.14413E+13,2016-07-14,47,Sales Representative
62,Freya,Gomez,freyagomez@examplecom,1.14413E+13,2016-07-15,47,Sales Representative
80,Elizabeth,Dixon,elizabethdixon@examplecom,1.14416E+13,2016-07-16,50,Sales Representative
64,Florence,Freeman,florencefreeman@examplecom,1.14413E+13,2016-07-17,48,Sales Representative
65,Alice,Wells,alicewells@examplecom,1.14413E+13,2016-07-18,48,Sales Representative
66,Charlotte,Webb,charlottewebb@examplecom,1.14413E+13,2016-07-19,48,Sales Representative
67,Sienna,Simpson,siennasimpson@examplecom,1.14413E+13,2016-07-20,48,Sales Representative
68,Matilda,Stevens,matildastevens@examplecom,1.14413E+13,2016-07-21,48,Sales Representative
69,Evelyn,Tucker,evelyntucker@examplecom,1.14413E+13,2016-07-22,49,Sales Representative
70,Eva,Porter,evaporter@examplecom,1.14413E+13,2016-07-23,49,Sales Representative
71,Millie,Hunter,milliehunter@examplecom,1.14413E+13,2016-07-24,49,Sales Representative
72,Sofia,Hicks,sofiahicks@examplecom,1.14413E+13,2016-07-25,49,Sales Representative
73,Lucy,Crawford,lucycrawford@examplecom,1.14413E+13,2016-07-26,49,Sales Representative
74,Elsie,Henry,elsiehenry@examplecom,1.14413E+13,2016-07-27,49,Sales Representative
75,Imogen,Boyd,imogenboyd@examplecom,1.14416E+13,2016-07-28,50,Sales Representative
76,Layla,Mason,laylamason@examplecom,1.14416E+13,2016-07-29,50,Sales Representative
77,Rosie,Morales,rosiemorales@examplecom,1.14416E+13,2016-07-30,50,Sales Representative
78,Maya,Kennedy,mayakennedy@examplecom,1.14416E+13,2016-07-31,50,Sales Representative
79,Esme,Warren,esmewarren@examplecom,1.14416E+13,2016-08-01,50,Sales Representative
55,Grace,Ellis,graceellis@examplecom,1.14413E+13,2016-08-02,46,Sales Representative
54,Lily,Fisher,lilyfisher@examplecom,1.14413E+13,2016-08-03,46,Sales Representative
53,Sophia,Reynolds,sophiareynolds@examplecom,1.14413E+13,2016-08-04,46,Sales Representative
52,Sophie,Owens,sophieowens@examplecom,1.14413E+13,2016-08-05,46,Sales Representative
51,Poppy,Jordan,poppyjordan@examplecom,1.14413E+13,2016-08-06,46,Sales Representative
63,Phoebe,Murray,phoebemurray@examplecom,1.14413E+13,2016-08-07,48,Sales Representative
85,Holly,Shaw,hollyshaw@examplecom,6505091876,2016-08-08,22,Shipping Clerk
86,Emilia,Holmes,emiliaholmes@examplecom,6505092876,2016-08-09,22,Shipping Clerk
87,Molly,Rice,mollyrice@examplecom,6505093876,2016-08-10,22,Shipping Clerk
88,Ellie,Robertson,ellierobertson@examplecom,6505094876,2016-08-11,22,Shipping Clerk
89,Jasmine,Hunt,jasminehunt@examplecom,6505051876,2016-08-12,23,Shipping Clerk
90,Eliza,Black,elizablack@examplecom,6505052876,2016-08-13,23,Shipping Clerk
91,Lilly,Daniels,lillydaniels@examplecom,6505053876,2016-08-14,23,Shipping Clerk
92,Abigail,Palmer,abigailpalmer@examplecom,6505054876,2016-08-15,23,Shipping Clerk
93,Georgia,Mills,georgiamills@examplecom,6505011876,2016-08-16,24,Shipping Clerk
94,Maisie,Nichols,maisienichols@examplecom,6505012876,2016-08-17,24,Shipping Clerk
95,Eleanor,Grant,eleanorgrant@examplecom,6505013876,2016-08-18,24,Shipping Clerk
96,Hannah,Knight,hannahknight@examplecom,6505014876,2016-08-19,24,Shipping Clerk
97,Harriet,Ferguson,harrietferguson@examplecom,6505079811,2016-08-20,25,Shipping Clerk
98,Amber,Rose,amberrose@examplecom,6505079822,2016-08-21,25,Shipping Clerk
99,Bella,Stone,bellastone@examplecom,6505079833,2016-08-22,25,Shipping Clerk
100,Thea,Hawkins,theahawkins@examplecom,6505079844,2016-08-23,25,Shipping Clerk
81,Lola,Ramos,lolaramos@examplecom,6505079876,2016-08-24,21,Shipping Clerk
82,Willow,Reyes,willowreyes@examplecom,6505079877,2016-08-25,21,Shipping Clerk
83,Ivy,Burns,ivyburns@examplecom,6505079878,2016-08-26,21,Shipping Clerk
84,Erin,Gordon,eringordon@examplecom,6505079879,2016-08-27,21,Shipping Clerk
33,Reggie,Simmons,reggiesimmons@examplecom,6501248234,2016-08-28,22,Stock Clerk
44,Emily,Hamilton,emilyhamilton@examplecom,6501212874,2016-08-29,25,Stock Clerk
43,Olivia,Ford,oliviaford@examplecom,6501212994,2016-08-30,25,Stock Clerk
42,Amelia,Myers,ameliamyers@examplecom,6501218009,2016-08-31,25,Stock Clerk
41,Connor,Hayes,connorhayes@examplecom,6501211834,2016-09-01,24,Stock Clerk
26,Leon,Powell,leonpowell@examplecom,6501241214,2016-09-02,21,Stock Clerk
27,Kai,Long,kailong@examplecom,6501241224,2016-09-03,21,Stock Clerk
28,Aaron,Patterson,aaronpatterson@examplecom,6501241334,2016-09-04,21,Stock Clerk
29,Roman,Hughes,romanhughes@examplecom,6501241434,2016-09-05,21,Stock Clerk
30,Austin,Flores,austinflores@examplecom,6501245234,2016-09-06,22,Stock Clerk
31,Ellis,Washington,elliswashington@examplecom,6501246234,2016-09-07,22,Stock Clerk
32,Jamie,Butler,jamiebutler@examplecom,6501247234,2016-09-08,22,Stock Clerk
45,Isla,Graham,islagraham@examplecom,6501212004,2016-09-09,25,Stock Clerk
34,Seth,Foster,sethfoster@examplecom,6501271934,2016-09-10,23,Stock Clerk
35,Carter,Gonzales,cartergonzales@examplecom,6501271834,2016-09-11,23,Stock Clerk
36,Felix,Bryant,felixbryant@examplecom,6501271734,2016-09-12,23,Stock Clerk
37,Ibrahim,Alexander,ibrahimalexander@examplecom,6501271634,2016-09-13,23,Stock Clerk
38,Sonny,Russell,sonnyrussell@examplecom,6501211234,2016-09-14,24,Stock Clerk
39,Kian,Griffin,kiangriffin@examplecom,6501212034,2016-09-15,24,Stock Clerk
40,Caleb,Diaz,calebdiaz@examplecom,6501212019,2016-09-16,24,Stock Clerk
25,Ronnie,Perry,ronnieperry@examplecom,6501235234,2016-09-17,1,Stock Manager
24,Callum,Jenkins,callumjenkins@examplecom,6501234234,2016-09-18,1,Stock Manager
23,Jackson,Coleman,jacksoncoleman@examplecom,6501233234,2016-09-19,1,Stock Manager
22,Liam,Henderson,liamhenderson@examplecom,6501232234,2016-09-20,1,Stock Manager
21,Jaxon,Ross,jaxonross@examplecom,6501231234,2016-09-21,1,Stock Manager
